Iteration,GradientNorm
1,58302
2,46588.5
3,486.163
4,415.181
5,0.499359
6,0.0304216
7,0.177959
