Iteration,GradientNorm
1,16.4434
2,8.1584
3,6.96259
4,6.44351
5,4.81915
6,4.37404
7,2.79473
8,1.22325
9,0.862106
10,0.728284
11,0.64854
12,0.589958
13,0.542018
14,0.50428
15,0.472916
16,0.44656
17,0.424022
18,0.404299
19,0.386991
20,0.371847
21,0.358476
22,0.346462
23,0.335508
24,0.325426
25,0.316088
26,0.307402
27,0.299295
28,0.291703
29,0.284572
30,0.277848
31,0.271484
32,0.265441
33,0.259688
34,0.254204
35,0.248981
36,0.244019
37,0.239318
38,0.234873
39,0.230667
40,0.226678
41,0.222886
42,0.21927
43,0.215817
44,0.212514
45,0.209349
46,0.206314
47,0.2034
48,0.200597
