Iteration,GradientNorm
1,17.2631
2,8.66962
3,6.72003
4,4.56107
5,2.67267
6,1.31197
7,0.988385
8,1.03632
9,4.60214
10,9.24094
11,5.19964
12,1.468
13,0.837429
14,0.632283
15,0.525036
16,1.0289
17,4.26536
18,6.64503
19,4.28145
20,1.419
21,0.563216
22,0.433457
23,0.327671
24,0.417687
25,2.02681
26,3.20375
27,1.85404
28,0.580417
29,0.302438
30,0.247527
31,0.688274
32,3.62106
33,10.7502
34,9.24477
35,6.92636
36,2.06743
37,0.70528
38,0.53702
39,0.286507
40,0.226468
41,0.489253
42,5.66758
43,5.88261
44,6.7983
45,3.30707
46,0.540281
47,0.351799
48,0.249
