Iteration,GradientNorm
1,58302
2,46588.5
3,486.162
4,415.18
5,0.500308
6,0.0218664
7,0.126238
